,count,mean,std,min,50%,90%,95%,99%,max
char_count,159571.0,392.63572954985557,588.7298929283606,6.0,205.0,887.0,1351.0,3422.2999999999884,5000.0
word_count,159571.0,67.27745643005308,99.23647266826384,1.0,36.0,152.0,230.0,567.0,1411.0
