{
  "variant_name": "binary_toxic",
  "task_type": "binary",
  "target_label": "toxic",
  "train_rows": 135635,
  "val_rows": 23936,
  "test_rows": 63978,
  "epochs": 1,
  "train_batch_size": 16,
  "eval_batch_size": 32,
  "max_length": 128,
  "learning_rate": 2e-05,
  "total_train_seconds": 174.39727806499968,
  "avg_epoch_seconds": 165.15082009299977,
  "samples_per_second": 777.7357623061492,
  "max_gpu_memory_mb": 2521.8330078125,
  "parameter_count": 66954241,
  "trainable_parameter_count": 66954241,
  "validation_main_metric": 0.9163489584898518,
  "test_main_metric": 0.7967387763951077
}