{
  "mean_average_precision": 0.6929096954720659,
  "mean_roc_auc": 0.9867099905102261,
  "micro_f1_at_0_5": 0.7776788191149202,
  "macro_f1_at_0_5": 0.6370629104324063,
  "per_label": {
    "toxic": {
      "average_precision": 0.9037739078746946,
      "roc_auc": 0.9813587674296872,
      "precision_at_0_5": 0.8218330946491342,
      "recall_at_0_5": 0.8254871191316856,
      "f1_at_0_5": 0.8236560542797495,
      "positive_rate_true": 0.09584448302009764,
      "positive_rate_pred_at_0_5": 0.09627062561493004,
      "classification_report_at_0_5": {
        "0": {
          "precision": 0.9814921398803126,
          "recall": 0.9810295473290961,
          "f1-score": 0.9812607890850856,
          "support": 144277.0
        },
        "1": {
          "precision": 0.8218330946491342,
          "recall": 0.8254871191316856,
          "f1-score": 0.8236560542797495,
          "support": 15294.0
        },
        "accuracy": 0.9661216637108246,
        "macro avg": {
          "precision": 0.9016626172647234,
          "recall": 0.9032583332303908,
          "f1-score": 0.9024584216824176,
          "support": 159571.0
        },
        "weighted avg": {
          "precision": 0.9661897012306478,
          "recall": 0.9661216637108246,
          "f1-score": 0.9661552447561486,
          "support": 159571.0
        }
      }
    },
    "severe_toxic": {
      "average_precision": 0.4710767537679329,
      "roc_auc": 0.9900660518569306,
      "precision_at_0_5": 0.5492788461538461,
      "recall_at_0_5": 0.2865203761755486,
      "f1_at_0_5": 0.3765966213432221,
      "positive_rate_true": 0.009995550569965721,
      "positive_rate_pred_at_0_5": 0.005213979983831649,
      "classification_report_at_0_5": {
        "0": {
          "precision": 0.9928309993133383,
          "recall": 0.9976262217045627,
          "f1-score": 0.9952228344094849,
          "support": 157976.0
        },
        "1": {
          "precision": 0.5492788461538461,
          "recall": 0.2865203761755486,
          "f1-score": 0.3765966213432221,
          "support": 1595.0
        },
        "accuracy": 0.9905183272649792,
        "macro avg": {
          "precision": 0.7710549227335922,
          "recall": 0.6420732989400557,
          "f1-score": 0.6859097278763535,
          "support": 159571.0
        },
        "weighted avg": {
          "precision": 0.9883974513360154,
          "recall": 0.9905183272649792,
          "f1-score": 0.9890393248128747,
          "support": 159571.0
        }
      }
    },
    "obscene": {
      "average_precision": 0.9057739388994265,
      "roc_auc": 0.9909595936757672,
      "precision_at_0_5": 0.8429945732609768,
      "recall_at_0_5": 0.8089714759143094,
      "f1_at_0_5": 0.825632662922027,
      "positive_rate_true": 0.052948217407925,
      "positive_rate_pred_at_0_5": 0.05081123763089784,
      "classification_report_at_0_5": {
        "0": {
          "precision": 0.9893439321814569,
          "recall": 0.9915763422929819,
          "f1-score": 0.9904588793231653,
          "support": 151122.0
        },
        "1": {
          "precision": 0.8429945732609768,
          "recall": 0.8089714759143094,
          "f1-score": 0.825632662922027,
          "support": 8449.0
        },
        "accuracy": 0.9819077401282188,
        "macro avg": {
          "precision": 0.9161692527212169,
          "recall": 0.9002739091036456,
          "f1-score": 0.9080457711225962,
          "support": 159571.0
        },
        "weighted avg": {
          "precision": 0.981594994507825,
          "recall": 0.9819077401282188,
          "f1-score": 0.9817316249826322,
          "support": 159571.0
        }
      }
    },
    "threat": {
      "average_precision": 0.48573052280105294,
      "roc_auc": 0.9863711462470032,
      "precision_at_0_5": 0.48554913294797686,
      "recall_at_0_5": 0.5271966527196653,
      "f1_at_0_5": 0.5055165496489469,
      "positive_rate_true": 0.002995531769557125,
      "positive_rate_pred_at_0_5": 0.003252470687029598,
      "classification_report_at_0_5": {
        "0": {
          "precision": 0.9985790810552524,
          "recall": 0.9983217363428938,
          "f1-score": 0.9984503921168021,
          "support": 159093.0
        },
        "1": {
          "precision": 0.48554913294797686,
          "recall": 0.5271966527196653,
          "f1-score": 0.5055165496489469,
          "support": 478.0
        },
        "accuracy": 0.9969104661874651,
        "macro avg": {
          "precision": 0.7420641070016146,
          "recall": 0.7627591945312795,
          "f1-score": 0.7519834708828745,
          "support": 159571.0
        },
        "weighted avg": {
          "precision": 0.9970422835469629,
          "recall": 0.9969104661874651,
          "f1-score": 0.9969737931313997,
          "support": 159571.0
        }
      }
    },
    "insult": {
      "average_precision": 0.8183775324843829,
      "roc_auc": 0.9857976262821142,
      "precision_at_0_5": 0.7632129774986918,
      "recall_at_0_5": 0.7406372984638822,
      "f1_at_0_5": 0.7517556858449842,
      "positive_rate_true": 0.04936360616904074,
      "positive_rate_pred_at_0_5": 0.047903441101453274,
      "classification_report_at_0_5": {
        "0": {
          "precision": 0.9865527523086746,
          "recall": 0.9880680844331351,
          "f1-score": 0.9873098369348629,
          "support": 151694.0
        },
        "1": {
          "precision": 0.7632129774986918,
          "recall": 0.7406372984638822,
          "f1-score": 0.7517556858449842,
          "support": 7877.0
        },
        "accuracy": 0.9758540085604527,
        "macro avg": {
          "precision": 0.8748828649036832,
          "recall": 0.8643526914485087,
          "f1-score": 0.8695327613899235,
          "support": 159571.0
        },
        "weighted avg": {
          "precision": 0.9755278956230723,
          "recall": 0.9758540085604527,
          "f1-score": 0.9756820345889794,
          "support": 159571.0
        }
      }
    },
    "identity_hate": {
      "average_precision": 0.5727255170049055,
      "roc_auc": 0.9857067575698544,
      "precision_at_0_5": 0.677801724137931,
      "recall_at_0_5": 0.44768683274021354,
      "f1_at_0_5": 0.539219888555508,
      "positive_rate_true": 0.00880485802558109,
      "positive_rate_pred_at_0_5": 0.005815593058889146,
      "classification_report_at_0_5": {
        "0": {
          "precision": 0.9951085140850842,
          "recall": 0.9981095810730498,
          "f1-score": 0.9966067883172511,
          "support": 158166.0
        },
        "1": {
          "precision": 0.677801724137931,
          "recall": 0.44768683274021354,
          "f1-score": 0.539219888555508,
          "support": 1405.0
        },
        "accuracy": 0.9932631869199291,
        "macro avg": {
          "precision": 0.8364551191115076,
          "recall": 0.7228982069066316,
          "f1-score": 0.7679133384363795,
          "support": 159571.0
        },
        "weighted avg": {
          "precision": 0.9923146728490466,
          "recall": 0.9932631869199291,
          "f1-score": 0.9925795616020883,
          "support": 159571.0
        }
      }
    }
  }
}